<?xml version="1.0" encoding="UTF-8" ?>
<!DOCTYPE mapper
        PUBLIC "-//mybatis.org//DTD Mapper 3.0//EN"
        "http://mybatis.org/dtd/mybatis-3-mapper.dtd">
<mapper namespace="com.adgomin.join.mapper.JoinMapper">
    <insert id="join" parameterType="com.adgomin.join.entity.JoinEntity">
        INSERT INTO adgomin_user
            (email, password, nickname, user_type, marketing_yn, use_yn,  create_dt, modify_dt, certified)
        VALUES
            (#{email}, #{password}, #{nickname}, #{userType}, #{marketingYn}, "1", now(), now(), #{certified})
    </insert>

    <select id="emailCheck" resultType="com.adgomin.join.vo.JoinVO">
        SELECT
            count(*) AS count
        FROM adgomin_user
        WHERE 1=1
        AND email = #{email}
    </select>

    <select id="loginUser" resultType="com.adgomin.join.vo.JoinVO">
        SELECT
            count(*) AS count
            ,email AS email
            ,password AS password
            ,nickname AS nickname
            ,user_type AS userType
            ,marketing_yn AS marketingYn
            ,use_yn AS useYn
            ,certified_yn AS certifiedYn
        FROM adgomin_user
        WHERE 1=1
        AND email = #{email}
        GROUP BY user_order, email
    </select>

    <select id="certifiedCheck" resultType="com.adgomin.join.vo.JoinVO">
        SELECT
            count(*) AS count
            ,email AS email
            ,password AS password
            ,nickname AS nickname
            ,user_type AS userType
            ,marketing_yn AS marketingYn
            ,use_yn AS useYn
            ,certified_yn AS certifiedYn
        FROM adgomin_user
        WHERE 1=1
        AND email = #{email}
        AND certified = #{certified}
        GROUP BY user_order, email
    </select>

    <update id="certifiedUpdate" parameterType="com.adgomin.join.entity.JoinEntity">
        UPDATE
            adgomin_user
        SET certified_yn = '1'
        WHERE 1=1
        AND email = #{email}
    </update>

    <insert id="insertLoginLog" parameterType="com.adgomin.join.entity.LoginLogEntity">
        INSERT INTO adgomin_login_log
            (email, login_time, status)
        VALUES
            (#{email}, #{loginTime}, #{status})
    </insert>

    <update id="passwordChange" parameterType="com.adgomin.join.entity.JoinEntity">
        UPDATE
            adgomin_user
        SET password = #{password}
        WHERE 1=1
          AND email = #{email}
    </update>
</mapper>