<?xml version="1.0" encoding="UTF-8"?>
<!DOCTYPE mapper PUBLIC "-//mybatis.org//DTD Mapper 3.0//EN" "http://mybatis.org/dtd/mybatis-3-mapper.dtd">
<mapper namespace="com.adgomin.main.mapper.MainMapper" >
    <select id="setSession" resultType="com.adgomin.join.vo.JoinVO">
        SELECT
            count(*) AS count
            ,email AS email
            ,password AS password
            ,nickname AS nickname
            ,user_type AS userType
            ,marketing_yn AS marketingYn
            ,use_yn AS useYn
            ,certified_yn AS certifiedYn
        FROM adgomin_user
        WHERE 1=1
        AND email = #{email}
        GROUP BY user_order, email
    </select>

    <select id="popularSnsMedia" resultType="com.adgomin.media.vo.MediaRegisterVO">
        SELECT
            media_order AS mediaOrder
            ,media_title AS mediaTitle
            ,thumbnail_img_nm AS thumbnailImgNm
            ,thumbnail_origin_file_nm AS thumbnailOriginFileNm
            ,thumbnail_img_file_path AS thumbnailImgFilePath
            ,media_price AS mediaPrice
            ,ad_detail_category AS adDetailCategory
            ,T3.nickname AS nickname
            ,T2.region AS region
            ,T2.ad_category AS adCategory
        FROM adgomin_media_register T1
        LEFT JOIN adgomin_media_introduce T2 ON T1.email = T2.email
        LEFT JOIN adgomin_user T3 ON T1.email = T3.email
        WHERE 1=1
        AND ad_detail_category IN ("유튜브", "인스타그램", "페이스북", "블로그")
        AND T1.media_submit_status = 'Y'
        LIMIT 0, 10
    </select>

    <select id="popularTransportMedia" resultType="com.adgomin.media.vo.MediaRegisterVO">
        SELECT
            media_order AS mediaOrder
             ,media_title AS mediaTitle
             ,thumbnail_img_nm AS thumbnailImgNm
             ,thumbnail_origin_file_nm AS thumbnailOriginFileNm
             ,thumbnail_img_file_path AS thumbnailImgFilePath
             ,media_price AS mediaPrice
             ,ad_detail_category AS adDetailCategory
             ,T3.nickname AS nickname
             ,T2.region AS region
             ,T2.ad_category AS adCategory
        FROM adgomin_media_register T1
        LEFT JOIN adgomin_media_introduce T2 ON T1.email = T2.email
        LEFT JOIN adgomin_user T3 ON T1.email = T3.email
        WHERE 1=1
        AND ad_detail_category IN ("지하철", "버스")
        AND T1.media_submit_status = 'Y'
        LIMIT 0, 10
    </select>

    <select id="popularOutdoorMedia" resultType="com.adgomin.media.vo.MediaRegisterVO">
        SELECT
            media_order AS mediaOrder
             ,media_title AS mediaTitle
             ,thumbnail_img_nm AS thumbnailImgNm
             ,thumbnail_origin_file_nm AS thumbnailOriginFileNm
             ,thumbnail_img_file_path AS thumbnailImgFilePath
             ,media_price AS mediaPrice
             ,ad_detail_category AS adDetailCategory
             ,T3.nickname AS nickname
             ,T2.region AS region
             ,T2.ad_category AS adCategory
        FROM adgomin_media_register T1
        LEFT JOIN adgomin_media_introduce T2 ON T1.email = T2.email
        LEFT JOIN adgomin_user T3 ON T1.email = T3.email
        WHERE 1=1
        AND ad_detail_category IN ("옥외광고", "영화관", "현수막")
        AND T1.media_submit_status = 'Y'
        LIMIT 0, 10
    </select>
</mapper>