<?xml version="1.0" encoding="UTF-8" ?>
<!DOCTYPE mapper
        PUBLIC "-//mybatis.org//DTD Mapper 3.0//EN"
        "http://mybatis.org/dtd/mybatis-3-mapper.dtd">
<mapper namespace="com.adgomin.user.mapper.UserMapper">
    <update id="changeProfileImg" parameterType="com.adgomin.join.vo.JoinVO">
        UPDATE
            adgomin_user
        SET profile_img_nm = #{profileImgNm}
        ,profile_origin_file_nm = #{profileOriginFileNm}
        ,profile_img_file_path = #{profileImgFilePath}
        WHERE 1=1
          AND email = #{email}
    </update>

    <select id="profileImage" resultType="com.adgomin.join.vo.JoinVO">
        SELECT
            profile_img_nm AS profileImgNm
            ,profile_origin_file_nm AS profileOriginFileNm
            ,profile_img_file_path AS profileImgFilePath
        FROM adgomin_user
        WHERE 1=1
          AND email = #{email}
    </select>

    <update id="changeNickname" parameterType="com.adgomin.join.vo.JoinVO">
        UPDATE
            adgomin_user
        SET nickname = #{nickname}
        WHERE 1=1
          AND email = #{email}
    </update>

    <update id="userPasswordChange" parameterType="com.adgomin.join.vo.JoinVO">
        UPDATE
            adgomin_user
        SET password = #{password}
        WHERE 1=1
          AND email = #{email}
    </update>

    <update id="userSecession" parameterType="com.adgomin.join.vo.JoinVO">
        UPDATE
            adgomin_user
        SET use_yn = '0'
        ,modify_dt = now()
        WHERE 1=1
        AND email = #{email}
    </update>

    <insert id="userSecessionReason" parameterType="com.adgomin.user.entity.SecessionReasonEntity">
        INSERT INTO adgomin_secession_reason
        (reason, email, create_dt, modify_dt)
        VALUES
            (#{reason}, #{email}, now(), now())
    </insert>
</mapper>